/*
SQLyog Community Edition- MySQL GUI v5.21
Host - 5.0.81-community-nt : Database - tescert
*********************************************************************
Server version : 5.0.81-community-nt
*/


SET NAMES utf8;

SET SQL_MODE='';

SET @OLD_FOREIGN_KEY_CHECKS=@@FOREIGN_KEY_CHECKS, FOREIGN_KEY_CHECKS=0;
SET @OLD_SQL_MODE=@@SQL_MODE, SQL_MODE='NO_AUTO_VALUE_ON_ZERO';


/*Data for the table `cert_user` */

insert  into `cert_user`(`das_id`,`name`,`das_id_mgr`) values ('A134648','Alpesh','IN03390'),('a179608','Neeraj','IN03390'),('a182031','Ashok','IN03390'),('a182131','Prashant','IN03390'),('a186731','Shantanu','IN03390'),('in03390','Suchitra','IN03390');

/*Data for the table `questions` */

insert  into `questions`(`question_id`,`text`,`option1`,`option2`,`option3`,`option4`,`option5`,`correct_option`,`exam_id`,`question_type`) values (1,'V2hpY2ggb25lIG9mIHRoZXNlIGxpc3RzIGNvbnRhaW5zIG9ubHkgSmF2YSBwcm9ncmFtbWluZyBsYW5ndWFnZSBrZXl3b3Jkcz8=','class, if, void, long, Int, continue','goto, instanceof, native, finally, default, throws','try, virtual, throw, final, volatile, transient','strictfp, constant, super, implements, do','',2,1,0),(2,'V2hpY2ggd2lsbCBsZWdhbGx5IGRlY2xhcmUsIGNvbnN0cnVjdCwgYW5kIGluaXRpYWxpemUgYW4gYXJyYXk/','int [] myList = {\"1\", \"2\", \"3\"};','int [] myList = (5, 8, 2);','int myList [] [] = {4,9,7,0};','int myList [] = {4, 3, 7};','',4,1,0),(3,'V2hpY2ggaXMgYSByZXNlcnZlZCB3b3JkIGluIHRoZSBKYXZhIHByb2dyYW1taW5nIGxhbmd1YWdlPw==','method','native','subclasses','reference','',2,1,0),(4,'V2hpY2ggaXMgYSB2YWxpZCBrZXl3b3JkIGluIGphdmE/','interface','string','Float','unsigned','',1,1,0),(5,'V2hpY2ggb25lIG9mIHRoZSBmb2xsb3dpbmcgd2lsbCBkZWNsYXJlIGFuIGFycmF5IGFuZCBpbml0aWFsaXplIGl0IHdpdGggZml2ZSBudW1iZXJzPw==','int [] myScores [];','int [] a = {23,22,21,20,19};','int a [] = new int[5];','int [5] array;','',2,1,0),(6,'V2hpY2ggaXMgdGhlIHZhbGlkIGRlY2xhcmF0aW9ucyB3aXRoaW4gYW4gaW50ZXJmYWNlIGRlZmluaXRpb24/','public double methoda();','public final double methoda();','static void methoda(double d1);','protected void methoda(double d1);','',1,1,0),(7,'V2hpY2ggb25lIGlzIGEgdmFsaWQgZGVjbGFyYXRpb24gb2YgYSBib29sZWFuPw==','boolean b1 = 0;','boolean b2 = \'false\';','boolean b3 = false;','boolean b4 = Boolean.false();','',3,1,0),(8,'V2hpY2ggaXMgYSB2YWxpZCBkZWNsYXJhdGlvbnMgb2YgYSBTdHJpbmc/','String s1 = null;','String s2 = \'null\';','String s3 = (String) \'abc\';','String s4 = (String) \'\\\\ufeed\';','',1,1,0),(9,'IFdoYXQgaXMgdGhlIG51bWVyaWNhbCByYW5nZSBvZiBhIGNoYXI/','-128 to 127','-(215) to (215) - 1','0 to 32767','0 to 65535','',4,1,0),(10,'U3VwcG9zZSB0aGF0IHlvdSB3b3VsZCBsaWtlIHRvIGNyZWF0ZSBhbiBpbnN0YW5jZSBvZiBhIG5ldyBNYXAgdGhhdCBoYXMgYW4gaXRlcmF0aW9uIG9yZGVyIHRoYXQgaXMgdGhlIHNhbWUgYXMgdGhlIGl0ZXJhdGlvbiBvcmRlciBvZiBhbiBleGlzdGluZyBpbnN0YW5jZSBvZiBhIE1hcC4gV2hpY2ggY29uY3JldGUgaW1wbGVtZW50YXRpb24gb2YgdGhlIE1hcCBpbnRlcmZhY2Ugc2hvdWxkIGJlIHVzZWQgZm9yIHRoZSBuZXcgaW5zdGFuY2U/','TreeMap','HashMap','LinkedHashMap','The answer depends on the implementation of the existing instance.','',3,1,0),(11,'V2hpY2ggY2xhc3MgZG9lcyBub3Qgb3ZlcnJpZGUgdGhlIGVxdWFscygpIGFuZCBoYXNoQ29kZSgpIG1ldGhvZHMsIGluaGVyaXRpbmcgdGhlbSBkaXJlY3RseSBmcm9tIGNsYXNzIE9iamVjdD8=','java.lang.String','java.lang.Double','java.lang.StringBuffer','java.lang.Character','',3,1,0),(12,'V2hpY2ggY29sbGVjdGlvbiBjbGFzcyBhbGxvd3MgeW91IHRvIGdyb3cgb3Igc2hyaW5rIGl0cyBzaXplIGFuZCBwcm92aWRlcyBpbmRleGVkIGFjY2VzcyB0byBpdHMgZWxlbWVudHMsIGJ1dCB3aG9zZSBtZXRob2RzIGFyZSBub3Qgc3luY2hyb25pemVkPw==','java.util.HashSet','java.util.LinkedHashSet','java.util.List','java.util.ArrayList','',4,1,0),(13,'WW91IG5lZWQgdG8gc3RvcmUgZWxlbWVudHMgaW4gYSBjb2xsZWN0aW9uIHRoYXQgZ3VhcmFudGVlcyB0aGF0IG5vIGR1cGxpY2F0ZXMgYXJlIHN0b3JlZCBhbmQgYWxsIGVsZW1lbnRzIGNhbiBiZSBhY2Nlc3NlZCBpbiBuYXR1cmFsIG9yZGVyLiBXaGljaCBpbnRlcmZhY2UgcHJvdmlkZXMgdGhhdCBjYXBhYmlsaXR5Pw==','java.util.Map','java.util.Set','java.util.List','java.util.Collection','',2,1,0),(14,'V2hpY2ggaW50ZXJmYWNlIGRvZXMgamF2YS51dGlsLkhhc2h0YWJsZSBpbXBsZW1lbnQ/','Java.util.Map','Java.util.List','Java.util.HashTable','Java.util.Collection','',1,1,0),(15,'V2hpY2ggaW50ZXJmYWNlIHByb3ZpZGVzIHRoZSBjYXBhYmlsaXR5IHRvIHN0b3JlIG9iamVjdHMgdXNpbmcgYSBrZXktdmFsdWUgcGFpcj8=','Java.util.Map','Java.util.Set','Java.util.List','Java.util.Collection','',1,1,0),(16,'V2hpY2ggY29sbGVjdGlvbiBjbGFzcyBhbGxvd3MgeW91IHRvIGFzc29jaWF0ZSBpdHMgZWxlbWVudHMgd2l0aCBrZXkgdmFsdWVzLCBhbmQgYWxsb3dzIHlvdSB0byByZXRyaWV2ZSBvYmplY3RzIGluIEZJRk8gKGZpcnN0LWluLCBmaXJzdC1vdXQpIHNlcXVlbmNlPw==','java.util.ArrayList','java.util.LinkedHashMap','java.util.HashMap','java.util.TreeMap','',2,1,0),(17,'V2hpY2ggY29sbGVjdGlvbiBjbGFzcyBhbGxvd3MgeW91IHRvIGFjY2VzcyBpdHMgZWxlbWVudHMgYnkgYXNzb2NpYXRpbmcgYSBrZXkgd2l0aCBhbiBlbGVtZW50J3MgdmFsdWUsIGFuZCBwcm92aWRlcyBzeW5jaHJvbml6YXRpb24/','java.util.SortedMap','java.util.TreeMap','java.util.TreeSet','java.util.Hashtable','',4,1,0),(18,'V2hpY2ggaXMgdmFsaWQgZGVjbGFyYXRpb24gb2YgYSBmbG9hdD8=','float f = 1F;','float f = 1.0;','float f = 1\";\"','float f = 1.0d;','',1,1,0),(19,'V2hhdCBpcyB0aGUgbnVtZXJpY2FsIHJhbmdlIG9mIGNoYXI/','0 to 32767','0 to 65535','-256 to 255','-32768 to 32767','',2,1,0),(20,'V2hpY2ggb2YgdGhlIGZvbGxvd2luZyB3b3VsZCBjb21waWxlIHdpdGhvdXQgZXJyb3I/','int a = Math.abs(-5);','int b = Math.abs(5.0);','int c = Math.abs(5.5F);','int d = Math.abs(5L);','',1,1,0),(21,'V2hhdCBpcyB0aGUgbW9zdCBpbXBvcnRhbnQgZmVhdHVyZSBvZiBKYXZhPw==','','','','','',0,1,1),(22,'V2hhdCBkbyB5b3UgbWVhbiBieSBwbGF0Zm9ybSBpbmRlcGVuZGVuY2U/','','','','','',0,1,1),(23,'V2hhdCBpcyBhIEpWTT8=','','','','','',0,1,1),(24,'QXJlIEpWTSdzIHBsYXRmb3JtIGluZGVwZW5kZW50Pw==','','','','','',0,1,1),(25,'V2hhdCBpcyB0aGUgZGlmZmVyZW5jZSBiZXR3ZWVuIGEgSkRLIGFuZCBhIEpWTT8=','','','','','',0,1,1),(26,'V2hhdCBpcyBhIHBvaW50ZXIgYW5kIGRvZXMgSmF2YSBzdXBwb3J0IHBvaW50ZXJzPw==','','','','','',0,1,1),(27,'SXMgSmF2YSBhIHB1cmUgb2JqZWN0IG9yaWVudGVkIGxhbmd1YWdlPw==','','','','','',0,1,1),(28,'V2hhdCBpcyBkaWZmZXJlbmNlIGJldHdlZW4gUGF0aCBhbmQgQ2xhc3NwYXRoPw==','','','','','',0,1,1),(29,'V2hhdCBhcmUgbG9jYWwgdmFyaWFibGVzPw==','','','','','',0,1,1),(30,'V2hhdCBhcmUgaW5zdGFuY2UgdmFyaWFibGVzPw==','','','','','',0,1,1);

/*Data for the table `result_details` */

insert  into `result_details`(`result_id`,`question_id`,`answer_option`,`correct_option`) values (1,1,'0',2),(1,2,'2',4),(1,10,'2',3),(1,8,'4',1),(1,6,'3',1),(1,5,'0',2),(1,9,'0',4),(1,3,'0',2),(1,7,'0',3),(1,4,'3',1),(1,21,'dfsdfsa',NULL),(1,23,'dsfsadfa',NULL),(1,22,'dfdgdg',NULL),(1,24,'null',NULL),(1,25,'null',NULL),(2,3,'0',2),(2,2,'3',4),(2,9,'2',4),(2,6,'0',1),(2,1,'0',2),(2,7,'0',3),(2,5,'0',2),(2,10,'2',3),(2,8,'0',1),(2,4,'0',1),(2,22,'null',NULL),(2,21,'zxczczc',NULL),(2,25,'null',NULL),(2,24,'zxcxzc',NULL),(2,23,'null',NULL),(3,5,'2',2),(3,6,'1',1),(3,10,'2',3),(3,3,'4',2),(3,7,'3',3),(3,8,'1',1),(3,9,'3',4),(3,4,'1',1),(3,2,'4',4),(3,1,'1',2),(3,23,'Java virtual machine',NULL),(3,25,'JDK is a development tool used for developing java applications; JVM is an engine which executes the java binary code',NULL),(3,24,'Yes',NULL),(3,22,'null',NULL),(3,21,'null',NULL),(4,5,'2',2),(4,7,'3',3),(4,3,'2',2),(4,2,'4',4),(4,4,'1',1),(4,10,'3',3),(4,9,'3',4),(4,6,'1',1),(4,1,'4',2),(4,8,'1',1),(4,24,'null',NULL),(4,21,'null',NULL),(4,22,'null',NULL),(4,23,'sdfsdf',NULL),(4,25,'dgdgdfgds',NULL),(5,1,'2',2),(5,5,'2',2),(5,7,'3',3),(5,9,'2',4),(5,8,'1',1),(5,2,'4',4),(5,6,'1',1),(5,3,'2',2),(5,10,'4',3),(5,4,'1',1),(5,22,'',NULL),(5,24,'No. JVM is not independent but Java is.',NULL),(5,21,'Inheritance (Is-A relationship), Polymorphism (specially runtime + i/f), Agrregation (has-a relationship)',NULL),(5,23,'JVM is native machine dependent lower level program return to let Java programs run on top of it. With this Java will become platform independent.',NULL),(5,25,'JDK is java development kit and JVM is Java virtual machine. \r\n\r\nJDK has tools like javac and java which lets you java program compiles and create .class i.e. bytecodes (javac) which is understood by JVM. It also lets your bytecodes run using java command.\r\n\r\nWhere as JVM is actually responsible for understanding the .class file and run it everywhere.',NULL);

/*Data for the table `results` */

insert  into `results`(`result_id`,`exam_id`,`das_id`,`percentile`,`result`,`enrolled_on`,`submitted_on`) values (1,1,'a179608',0,2,'2012-07-17 19:55:36','2012-07-17 19:56:08'),(2,1,'A134648',0,2,'2012-07-18 11:29:36','2012-07-18 11:30:33'),(3,1,'a186731',0,2,'2012-07-18 16:51:41','2012-07-18 17:01:49'),(4,1,'a182131',0,2,'2012-07-18 17:09:39','2012-07-18 17:16:30'),(5,1,'a182031',0,2,'2012-07-26 14:47:13','2012-07-26 15:40:23');


SET SQL_MODE=@OLD_SQL_MODE;
SET FOREIGN_KEY_CHECKS=@OLD_FOREIGN_KEY_CHECKS;
